<?xml version="1.0" encoding="UTF-8"?>
<resource xsi:schemaLocation="http://datacite.org/schema/kernel-4 http://schema.datacite.org/meta/kernel-4/metadata.xsd"
          xmlns="http://datacite.org/schema/kernel-4"
          xmlns:xsi="http://www.w3.org/2001/XMLSchema-instance">
    <identifier identifierType="DOI">DANSPIDFK212</identifier>
    <creators><creator><creatorName>Messi, Lionel</creatorName></creator></creators>
    <titles>
        <title>test</title>
    </titles>
    <publisher>Root</publisher>
    <publicationYear>2023</publicationYear>
    <resourceType resourceTypeGeneral="Dataset"/>
    <relatedIdentifiers><relatedIdentifier relatedIdentifierType="DOI" relationType="HasPart">perma:DANSPIDFK212/1</relatedIdentifier></relatedIdentifiers>
    <descriptions>
        <description descriptionType="Abstract">prev</description>
    </descriptions>
    <contributors><contributor contributorType="ContactPerson"><contributorName>Admin, Dataverse</contributorName><affiliation>(Dataverse.org)</affiliation></contributor></contributors>
</resource>
